Date,actual_5,predicted_5,actual_7,predicted_7,actual_8,predicted_8
2018-10-18,30.84222221374512,31.55525779724121,46.82407379150391,46.70121765136719,5.54719352722168,5.627926349639893
2018-10-19,30.78413772583008,30.86425018310547,47.13807678222656,46.67757034301758,5.639646530151367,5.5536322593688965
2018-10-22,30.59052848815918,30.827730178833008,46.53861999511719,46.83488845825195,5.621156215667725,5.653212547302246
2018-10-23,29.777362823486328,30.5910587310791,46.68135070800781,46.51194381713867,5.602665424346924,5.630244731903076
2018-10-24,28.789947509765625,29.742469787597656,45.43486404418945,46.51734924316406,5.39926815032959,5.611330986022949
2018-10-25,29.18684959411621,28.760887145996094,45.57759094238281,45.605552673339844,5.482475757598877,5.39548397064209
2018-10-26,29.54502868652344,29.218618392944336,44.2074089050293,45.472232818603516,5.454740524291992,5.48827600479126
2018-10-29,29.33205795288086,29.561376571655273,44.73073959350586,44.21772766113281,5.500967025756836,5.457235336303711
2018-10-30,30.067777633666992,29.365083694458008,45.67273712158203,44.55243682861328,5.584175109863281,5.510625839233398
2018-10-31,29.767683029174805,30.135988235473633,44.959102630615234,45.38485336303711,5.621156215667725,5.598278045654297
2018-11-01,30.76477813720703,29.801315307617188,46.35783386230469,44.91572570800781,5.704363822937012,5.636537075042725
2018-11-02,30.987428665161133,30.78717041015625,45.67273712158203,45.91752243041992,5.713609218597412,5.723021984100342
2018-11-05,30.58085060119629,30.998943328857422,45.76789093017578,45.60287857055664,5.713609218597412,5.728249549865723
2018-11-06,30.929349899291992,30.622102737426758,45.03522491455078,45.58148956298828,5.7228546142578125,5.724297046661377
2018-11-07,31.655393600463867,30.97342300415039,45.95819854736328,44.946163177490234,5.806062698364258,5.730672359466553
2018-11-08,31.500503540039062,31.655134201049805,46.215110778808594,45.599430084228516,5.778326511383057,5.817564010620117
2018-11-09,30.890626907348636,31.504919052124023,45.92013168334961,45.92786407470703,5.787571907043457,5.785344123840332
2018-11-12,29.641834259033203,30.891145706176758,45.61564636230469,45.781158447265625,5.695118427276611,5.795229434967041
2018-11-13,29.10940361022949,29.585908889770508,45.691776275634766,45.51280975341797,5.732100009918213,5.695181846618652
2018-11-14,29.215892791748047,29.099573135375977,44.34061813354492,45.496822357177734,5.6766276359558105,5.737393856048584
2018-11-15,29.97097396850586,29.210777282714844,43.89340972900391,44.30107879638672,5.658137321472168,5.67755651473999
2018-11-16,30.464683532714844,29.99268341064453,44.13128662109375,43.70221710205078,5.54719352722168,5.661593914031982
2018-11-19,30.31947135925293,30.497509002685547,44.06468200683594,43.925289154052734,5.611910820007324,5.545462608337402
2018-11-20,29.04163932800293,30.367767333984375,43.44619369506836,43.893821716308594,5.2513427734375,5.618882656097412
2018-11-21,29.361099243164062,29.04768180847168,43.70979690551758,43.2740592956543,5.214361667633057,5.239380836486816
2018-11-23,29.264291763305664,29.4450626373291,43.32637786865234,43.506282806396484,5.094172954559326,5.216797828674316
2018-11-26,29.46758270263672,29.27533531188965,43.633113861083984,43.14020919799805,5.232852458953857,5.090121746063232
2018-11-27,29.20621109008789,29.51487159729004,44.16031265258789,43.419837951660156,5.195871353149414,5.241689682006836
2018-11-28,29.68055725097656,29.24567222595215,44.09321594238281,43.95762252807617,5.205116748809815,5.204792499542236
2018-11-29,30.31947135925293,29.757211685180664,44.13155746459961,43.95219421386719,5.168135166168213,5.219285011291504
2018-11-30,30.667972564697266,30.34572410583496,44.11238479614258,43.97040557861328,5.103417873382568,5.180197715759277
2018-12-03,30.0290584564209,30.695940017700195,44.898399353027344,43.93888473510742,5.177380561828613,5.113006591796875
2018-12-04,28.702821731567383,30.063140869140625,43.719383239746094,44.638404846191406,4.946247577667236,5.188825607299805
2018-12-06,28.180070877075195,28.709178924560547,43.6427001953125,43.619380950927734,4.761341094970703,4.947052955627441
2018-12-07,27.29914283752441,28.2236328125,42.61705017089844,43.421321868896484,4.696623802185059,4.760317325592041
2018-12-10,26.689268112182617,27.28498649597168,42.74166488647461,42.343780517578125,4.58568000793457,4.697187900543213
2018-12-11,26.147157669067383,26.714731216430664,42.70331954956055,42.45997619628906,4.465490341186523,4.589047431945801
2018-12-12,26.418212890625,26.19648551940918,43.31679153442383,42.462974548339844,4.576434135437012,4.473111629486084
2018-12-13,25.469518661499023,26.505962371826172,43.067569732666016,43.12142562866211,4.483981609344482,4.5879364013671875
2018-12-14,25.07261848449707,25.520877838134766,42.76083755493164,42.92921829223633,4.391528129577637,4.498849868774414
2018-12-17,25.1113395690918,25.208045959472656,41.58182144165039,42.57594299316406,4.326810836791992,4.40824031829834
2018-12-18,26.195560455322266,25.210180282592773,41.06420516967773,41.255775451660156,4.345301151275635,4.342227458953857
2018-12-19,29.79672622680664,26.24935531616211,40.6424446105957,40.683570861816406,4.308320045471191,4.358947277069092
2018-12-20,30.07745742797852,29.097827911376953,39.520938873291016,40.275909423828125,4.262094020843506,4.323505401611328
2018-12-21,29.225568771362305,29.857666015625,39.1087646484375,39.069427490234375,4.188130855560303,4.277342796325684
2018-12-24,27.86061668395996,29.380136489868164,37.97767639160156,38.75308609008789,4.141904830932617,4.202701568603516
2018-12-26,30.10650062561035,28.052486419677734,38.984153747558594,37.567874908447266,4.262094020843506,4.156271457672119
2018-12-27,29.825763702392575,29.97760009765625,39.26213455200195,38.83397674560547,4.197376251220703,4.277177810668945
2018-12-28,30.096820831298828,29.80803871154785,39.08959579467773,39.11308670043945,4.243603229522705,4.21789026260376
2018-12-31,31.084238052368164,30.1658878326416,39.27172088623047,38.926300048828125,4.299075126647949,4.261162281036377
2019-01-02,30.451454162597656,31.114545822143555,39.25254821777344,39.13726043701172,4.262094020843506,4.318808078765869
2019-01-03,30.13019752502441,30.487834930419922,39.08000946044922,39.097721099853516,4.252848148345947,4.282419204711914
2019-01-04,31.162118911743164,30.189666748046875,39.98104476928711,38.89735412597656,4.447000026702881,4.269524097442627
2019-01-07,32.59317779541016,31.167476654052734,40.18233871459961,39.867942810058594,4.520962715148926,4.464447498321533
2019-01-08,34.05345153808594,32.48715591430664,40.93000411987305,40.07427978515625,4.520962715148926,4.547729015350342
2019-01-09,33.99503707885742,33.84555435180664,41.28467178344727,40.84252166748047,4.483981609344482,4.54498815536499
2019-01-10,34.25789260864258,34.014244079589844,41.57223129272461,41.215999603271484,4.567189693450928,4.501163005828857
2019-01-11,33.37199020385742,34.263282775878906,41.370941162109375,41.49727249145508,4.567189693450928,4.581227779388428
2019-01-14,33.20649719238281,33.35519790649414,41.07378768920898,41.25754165649414,4.631906986236572,4.5830302238464355
2019-01-15,33.63483810424805,33.16421890258789,41.67767333984375,40.87801742553711,4.5949249267578125,4.647140979766846
2019-01-16,34.04371643066406,33.60920715332031,41.5051383972168,41.50138854980469,4.705869197845459,4.60941743850708
2019-01-17,34.03398132324219,34.0380744934082,41.61057662963867,41.33702850341797,4.659642219543457,4.720768928527832
2019-01-18,35.0269660949707,34.016845703125,42.42534255981445,41.43354034423828,4.798322677612305,4.675980567932129
2019-01-22,34.29682540893555,34.97421646118164,41.754356384277344,42.27733612060547,4.715114593505859,4.815178394317627
2019-01-23,33.6543083190918,34.253135681152344,41.89813995361328,41.61176681518555,4.705869197845459,4.73101806640625
2019-01-24,33.06046676635742,33.57099914550781,41.85979461669922,41.70925521850586,4.742850303649902,4.71649169921875
2019-01-25,33.10913848876953,32.96138381958008,41.9077262878418,41.66609573364258,4.798322677612305,4.753941059112549
2019-01-28,32.96311569213867,33.06428146362305,42.33906936645508,41.71635818481445,4.779831886291504,4.8120551109313965
2019-01-29,32.46662139892578,32.92536926269531,42.37741470336914,42.16975402832031,4.761341094970703,4.793771266937256
2019-01-30,32.62238311767578,32.40520095825195,42.8375129699707,42.23118591308594,4.844549179077148,4.773130416870117
2019-01-31,33.28437423706055,32.60045623779297,43.038818359375,42.69499206542969,4.779831886291504,4.858146667480469
2019-02-01,33.20649719238281,33.26784133911133,43.02922439575195,42.91361999511719,4.779831886291504,4.7924909591674805
2019-02-04,33.58616256713867,33.183624267578125,42.64581298828125,42.89675521850586,4.761341094970703,4.79065465927124
2019-02-05,34.15079879760742,33.57073211669922,40.11524200439453,42.46874237060547,4.798322677612305,4.7710185050964355
2019-02-06,33.76139450073242,34.1208610534668,40.1344108581543,39.57023620605469,4.835303783416748,4.80941104888916
2019-02-07,33.76139450073242,33.72665786743164,39.683895111083984,39.719051361083984,4.72435998916626,4.849064350128174
2019-02-08,33.6932487487793,33.727012634277344,40.02896881103516,39.301422119140625,4.650397777557373,4.73504638671875
2019-02-11,34.3162956237793,33.65377426147461,40.26860809326172,39.7939453125,4.715114593505859,4.6574387550354
2019-02-12,35.19245910644531,34.28569412231445,40.58492660522461,40.10082244873047,4.789076805114746,4.723944187164307
2019-02-13,35.0659065246582,35.149906158447266,40.6424446105957,40.46515655517578,4.779831886291504,4.803075790405273
2019-02-14,35.00748825073242,35.05611801147461,40.48907470703125,40.51945495605469,4.576434135437012,4.7957234382629395
2019-02-15,35.24113464355469,34.973243713378906,40.57606506347656,40.32186508178711,4.770586013793945,4.5857415199279785
2019-02-19,35.38715744018555,35.19791793823242,40.45040893554688,40.40259552001953,4.872284889221191,4.7812933921813965
2019-02-20,35.74736404418945,35.350833892822266,40.566402435302734,40.25275421142578,4.909265995025635,4.891469478607178
2019-02-21,35.70841979980469,35.71442413330078,41.14633560180664,40.378536224365234,4.853794097900391,4.931009769439697
2019-02-22,36.00046920776367,35.679832458496094,41.06901168823242,41.003211975097656,4.835303783416748,4.869815349578857
2019-02-25,35.58186340332031,35.960418701171875,41.01101303100586,40.928653717041016,4.890775203704834,4.845954895019531
2019-02-26,35.10483932495117,35.5285758972168,40.904693603515625,40.84503936767578,4.918511867523193,4.9021525382995605
2019-02-27,34.78358459472656,35.01555252075195,41.19466400146485,40.7131462097168,4.937002182006836,4.931523323059082
2019-02-28,34.71543884277344,34.69440841674805,41.07867813110352,41.022525787353516,4.955492973327637,4.949832439422607
2019-03-01,35.05615997314453,34.654083251953125,41.01101303100586,40.89550018310547,4.955492973327637,4.968106746673584
2019-03-04,34.71543884277344,35.027591705322266,40.82737350463867,40.812171936035156,4.946247577667236,4.96796989440918
2019-03-05,35.0659065246582,34.66764831542969,40.837032318115234,40.61030960083008,4.918511867523193,4.957540988922119
2019-03-06,35.58186340332031,35.028358459472656,40.72105026245117,40.62722396850586,4.872284889221191,4.927735328674316
2019-03-07,32.68079376220703,35.549652099609375,40.75971221923828,40.505340576171875,4.72435998916626,4.879254341125488
2019-03-08,31.82410430908203,32.34162902832031,40.51807022094727,40.556026458740234,4.650397777557373,4.727502346038818
2019-03-11,32.61265182495117,31.69756507873535,41.40730285644531,40.294960021972656,4.705869197845459,4.653571128845215
2019-03-12,32.38874435424805,32.58335876464844,41.4749641418457,41.25944519042969,4.705869197845459,4.712638854980469
2019-03-13,32.95337677001953,32.36921691894531,41.82292556762695,41.358585357666016,4.742850303649902,4.7170610427856445
2019-03-14,33.01178741455078,32.96686553955078,41.90024948120117,41.705936431884766,4.816812992095947,4.7577433586120605
2019-03-15,33.50828170776367,33.002498626708984,41.735931396484375,41.78092575073242,4.900021076202393,4.835011005401611
2019-03-18,33.74192428588867,33.48106384277344,41.05934524536133,41.58055114746094,4.973983287811279,4.9212646484375
2019-03-19,33.8100700378418,33.71272659301758,41.57162094116211,40.79930114746094,4.937002182006836,4.9966840744018555
2019-03-20,33.6543083190918,33.786705017089844,40.88536071777344,41.35368347167969,4.752095699310303,4.954616069793701
2019-03-21,34.03398132324219,33.61998748779297,41.44596862792969,40.620872497558594,4.715114593505859,4.757143974304199
2019-03-22,32.98258590698242,34.004573822021484,41.19466400146485,41.24816131591797,4.465490341186523,4.716109752655029
2019-03-25,33.60563278198242,32.875587463378906,40.933692932128906,41.00007247924805,4.474736213684082,4.463725566864014
2019-03-26,33.94636154174805,33.57948684692383,40.87569808959961,40.71090316772461,4.437755107879639,4.475950717926025
2019-03-27,34.43312072753906,33.93254470825195,41.06901168823242,40.65363693237305,4.437755107879639,4.444148063659668
2019-03-28,34.9782829284668,34.416114807128906,41.291316986083984,40.8758430480957,4.400773525238037,4.4497456550598145
2019-03-29,35.38715744018555,34.950008392333984,41.6876106262207,41.126686096191406,4.42850923538208,4.416738033294678
2019-04-01,36.01020812988281,35.35508728027344,41.25265884399414,41.5479736328125,4.576434135437012,4.445994853973389
2019-04-02,36.3898811340332,35.951839447021484,40.8467025756836,41.08101272583008,4.58568000793457,4.596702575683594
2019-04-03,36.16489028930664,36.351158142089844,40.80804061889648,40.60346221923828,4.641151905059815,4.609394550323486
2019-04-04,36.02793884277344,36.14374542236328,41.30097961425781,40.566585540771484,4.641151905059815,4.662519454956055
2019-04-05,36.31161880493164,35.981597900390625,41.49429702758789,41.118263244628906,4.631906986236572,4.659748554229736
2019-04-08,36.252925872802734,36.26266860961914,41.64894485473633,41.34291458129883,4.631906986236572,4.646521091461182
2019-04-09,35.69533920288086,36.21485900878906,41.34931182861328,41.50807189941406,4.576434135437012,4.643972396850586
2019-04-10,36.204010009765625,35.61637878417969,41.7939338684082,41.17595672607422,4.576434135437012,4.586040019989014
2019-04-11,36.19423294067383,36.14435958862305,41.84225463867188,41.631160736083984,4.650397777557373,4.584942817687988
2019-04-12,36.60508346557617,36.16088104248047,41.92924880981445,41.6898307800293,4.715114593505859,4.6626296043396
2019-04-15,36.67356872558594,36.561832427978516,41.89057922363281,41.76749801635742,4.705869197845459,4.732388973236084
2019-04-16,36.35074996948242,36.64022445678711,41.54262161254883,41.718013763427734,4.789076805114746,4.723567485809326
2019-04-17,36.10619735717773,36.29784393310547,41.600616455078125,41.327911376953125,4.88153076171875,4.806849002838135
2019-04-18,36.5561752319336,36.03356170654297,41.32997894287109,41.38339614868164,4.798322677612305,4.9021687507629395
2019-04-22,36.68334579467773,36.49803924560547,41.23332595825195,41.09385299682617,4.789076805114746,4.814296722412109
2019-04-23,37.10397720336914,36.6497688293457,41.27198791503906,40.997528076171875,4.715114593505859,4.799098491668701
2019-04-24,36.88877487182617,37.05953598022461,41.34931182861328,41.05692672729492,4.696623802185059,4.721299648284912
2019-04-25,36.252925872802734,36.85236740112305,40.32476425170898,41.15644454956055,4.705869197845459,4.702198505401611
2019-04-26,36.46813583374024,36.170448303222656,39.54184722900391,40.00429916381836,4.770586013793945,4.7139387130737305
2019-04-29,37.02572250366211,36.39591598510742,41.82292556762695,39.15888595581055,4.789076805114746,4.782872676849365
2019-04-30,37.14310836791992,36.975345611572266,43.10844421386719,41.59627914428711,4.807567596435547,4.804542064666748
2019-05-01,35.83229064941406,37.11384201049805,42.596168518066406,42.97732925415039,4.770586013793945,4.823843479156494
2019-05-02,36.60508346557617,35.70182418823242,42.08389663696289,42.649906158447266,4.835303783416748,4.784567832946777
2019-05-03,37.52461624145508,36.51736068725586,42.20954513549805,41.99724197387695,4.835303783416748,4.8489837646484375
2019-05-06,37.573524475097656,37.45647048950195,41.64894485473633,42.04294204711914,4.752095699310303,4.849091529846191
2019-05-07,37.13332748413086,37.55705261230469,41.28165054321289,41.410240173339844,4.576434135437012,4.761753559112549
2019-05-08,37.10397720336914,37.09530258178711,41.00135040283203,40.974822998046875,4.5949249267578125,4.58015775680542
2019-05-09,37.34852981567383,37.04680633544922,41.13666915893555,40.69801712036133,4.474736213684082,4.599066257476807
2019-05-10,37.48548889160156,37.29077911376953,41.01101303100586,40.90302658081055,4.511717319488525,4.480825424194336
2019-05-13,36.4779167175293,37.44114303588867,39.32920837402344,40.79056930541992,4.299075126647949,4.520681381225586
2019-05-14,37.02572250366211,36.383949279785156,39.8264274597168,38.87385177612305,4.336056232452393,4.309953689575195
2019-05-15,37.18223190307617,36.95096206665039,39.95317077636719,39.58539962768555,4.382282257080078,4.347112655639648
2019-05-16,37.50505447387695,37.142066955566406,40.22615051269531,39.74300765991211,4.42850923538208,4.39706563949585
2019-05-17,37.03550338745117,37.45713424682617,39.66068649291992,40.06380081176758,4.400773525238037,4.447153091430664
2019-05-20,36.65399932861328,36.98713684082031,38.82223510742188,39.42626953125,4.42850923538208,4.420480728149414
2019-05-21,37.04528427124024,36.57762145996094,39.17321395874024,38.50697326660156,4.560214519500732,4.44630765914917
2019-05-22,37.22136688232422,36.977169036865234,38.91972732543945,38.984642028808594,4.512312889099121,4.580064296722412
2019-05-23,36.11597442626953,37.17888259887695,38.22752380371094,38.68630599975586,4.397349834442139,4.5334954261779785
2019-05-24,36.29205703735352,36.003021240234375,38.17877197265625,37.934566497802734,4.473991870880127,4.410625457763672
2019-05-28,35.77359771728516,36.20863723754883,37.61330795288086,37.96244812011719,4.416510581970215,4.483255863189697
2019-05-29,35.734466552734375,35.683349609375,37.574310302734375,37.346553802490234,4.435670852661133,4.428974151611328
2019-05-30,35.81272506713867,35.656063079833984,37.496315002441406,37.37874221801758,4.416510581970215,4.447685241699219
2019-05-31,35.460567474365234,35.761043548583984,37.35982131958008,37.29872131347656,4.368608951568604,4.430012226104736
2019-06-03,35.53882598876953,35.392337799072266,38.0032844543457,37.168548583984375,4.349448204040527,4.381572246551514
2019-06-04,36.78116607666016,35.4791259765625,38.63699722290039,37.89988708496094,4.541053771972656,4.362434387207031
2019-06-05,36.46813583374024,36.69480895996094,38.28601837158203,38.54865646362305,4.483572006225586,4.55739688873291
2019-06-06,38.91368865966797,36.46388244628906,38.71499252319336,38.13272476196289,4.464411735534668,4.5055365562438965
2019-06-07,38.502838134765625,38.484195709228516,38.58825302124024,38.610538482666016,4.569794654846191,4.480840682983398
2019-06-10,38.610443115234375,38.50450134277344,39.05622482299805,38.4355354309082,4.579375267028809,4.586175441741943
2019-06-11,38.75717544555664,38.57392120361328,39.1634635925293,38.94337463378906,4.636857032775879,4.598081111907959
2019-06-12,38.96260452270508,38.70591354370117,39.69968795776367,39.03141403198242,4.550634384155273,4.654693126678467
2019-06-13,38.94303894042969,38.90203094482422,39.982418060302734,39.59369659423828,4.541053771972656,4.565127849578857
2019-06-14,38.89412307739258,38.89748764038086,39.7679328918457,39.88130187988281,4.502732753753662,4.550581932067871
2019-06-17,39.12889862060547,38.85567092895508,39.71918487548828,39.62223815917969,4.493152618408203,4.5123066902160645
2019-06-18,39.011512756347656,39.063453674316406,40.16765975952149,39.547882080078125,4.560214519500732,4.503177165985107
2019-06-19,39.12889862060547,38.965576171875,39.689937591552734,40.025146484375,4.646437168121338,4.572634220123291
2019-06-20,39.12889862060547,39.070125579833984,40.26515197753906,39.48122787475586,4.694338321685791,4.664186000823975
2019-06-21,38.56152725219727,39.075008392333984,40.05066680908203,40.11687469482422,4.627276420593262,4.715398788452148
2019-06-24,38.02350616455078,38.53959274291992,39.70943832397461,39.873435974121094,4.675178050994873,4.644802093505859
2019-06-25,38.14089584350586,38.00199508666992,39.40719985961914,39.48843002319336,4.627276420593262,4.689183235168457
2019-06-26,38.08220672607422,38.10953140258789,39.485198974609375,39.16058349609375,4.656017303466797,4.639504909515381
2019-06-27,38.776737213134766,38.04522705078125,39.55344009399414,39.27560043334961,4.713499069213867,4.666903018951416
2019-06-28,39.12889862060547,38.69255065917969,39.777679443359375,39.36317443847656,4.742239475250244,4.7268571853637695
2019-07-01,39.45171356201172,39.04291915893555,40.36264419555664,39.61592483520508,4.866783618927002,4.7578654289245605
2019-07-02,39.011512756347656,39.345909118652344,40.45038986206055,40.24736785888672,4.809301853179932,4.886281490325928
2019-07-03,39.52249526977539,38.97831726074219,40.82086563110352,40.334510803222656,4.818882465362549,4.827376842498779
2019-07-05,40.02365112304688,39.417449951171875,40.88911819458008,40.71044158935547,4.924264907836914,4.83219575881958
2019-07-08,39.97452163696289,39.86811828613281,40.791622161865234,40.76682662963867,4.876363754272461,4.939320087432861
2019-07-09,39.70920181274414,39.87059020996094,40.7233772277832,40.63407897949219,4.914685249328613,4.890083312988281
2019-07-10,39.886077880859375,39.650848388671875,40.75262069702149,40.535614013671875,4.876363754272461,4.926647663116455
2019-07-11,40.10226440429688,39.79098129272461,40.68437957763672,40.558048248291016,4.895524501800537,4.886467456817627
2019-07-12,40.47567367553711,39.97722625732422,40.86961364746094,40.482486724853516,4.924264907836914,4.905364513397217
2019-07-15,40.7802963256836,40.29331588745117,40.694129943847656,40.6876106262207,4.895524501800537,4.935834884643555
2019-07-16,40.62307357788086,40.55830383300781,39.79718017578125,40.49674606323242,4.866783618927002,4.9064483642578125
2019-07-17,40.45602035522461,40.469627380371094,39.29996109008789,39.47798538208008,4.866783618927002,4.875950336456299
2019-07-18,41.20284271240234,40.33811569213867,39.153717041015625,38.97209930419922,4.857203483581543,4.8761396408081055
2019-07-19,40.64272689819336,40.887264251708984,39.24146270751953,38.874916076660156,4.838042736053467,4.867067813873291
2019-07-22,40.33810043334961,40.5285530090332,39.368202209472656,39.01999282836914,4.828462600708008,4.847887992858887
2019-07-23,40.7016830444336,40.263736724853516,39.524200439453125,39.183467864990234,4.895524501800537,4.838502407073975
2019-07-24,40.8589096069336,40.52392578125,39.55344009399414,39.36818313598633,4.876363754272461,4.908270835876465
2019-07-25,40.71151351928711,40.656227111816406,39.66068649291992,39.39858627319336,4.809301853179932,4.889828681945801
2019-07-26,41.28145599365234,40.559505462646484,39.572940826416016,39.509376525878906,4.790141105651856,4.819875240325928
2019-07-29,41.02595901489258,40.970245361328125,39.87517547607422,39.39853286743164,4.7709808349609375,4.798888683319092
2019-07-30,41.51729202270508,40.83219909667969,39.92392349243164,39.72675323486328,4.694338321685791,4.7795000076293945
2019-07-31,41.36006927490234,41.17345428466797,40.05066680908203,39.76723861694336,4.713499069213867,4.702017307281494
2019-08-01,40.37740707397461,41.11179733276367,40.11891174316406,39.896766662597656,4.579375267028809,4.722355842590332
2019-08-02,39.98434448242188,40.36268997192383,39.06597137451172,39.96058654785156,4.3590288162231445,4.587304592132568
2019-08-05,38.81498336791992,39.985626220703125,36.83335113525391,38.75252151489258,4.186583518981934,4.365729808807373
2019-08-06,39.51266860961914,38.87849807739258,36.48236846923828,36.2960319519043,4.196163654327393,4.194697856903076
2019-08-07,39.375099182128906,39.47993469238281,36.34587860107422,36.170623779296875,4.129101753234863,4.204556465148926
2019-08-08,40.39706039428711,39.3319206237793,37.3403205871582,36.07098388671875,4.14826250076294,4.1424078941345215
2019-08-09,39.886077880859375,40.16164779663086,37.39881896972656,37.207008361816406,4.071619987487793,4.164648056030273
2019-08-12,39.090126037597656,39.810543060302734,36.46287536621094,37.23828125,4.033298969268799,4.092131614685059
2019-08-13,39.217872619628906,39.08387756347656,36.81385040283203,36.21760559082031,4.071619987487793,4.053827285766602
2019-08-14,37.73405838012695,39.18403625488281,35.848663330078125,36.705631256103516,3.9374961853027344,4.091344833374023
2019-08-15,37.39012908935547,37.710166931152344,35.83890914916992,35.567466735839844,3.640507221221924,3.959590435028076
2019-08-16,37.8618049621582,37.39157485961914,36.891845703125,35.67024230957031,3.7458906173706055,3.6631593704223633
2019-08-19,38.25486755371094,37.82907485961914,37.07708358764648,36.801544189453125,3.812952518463135,3.755661964416504
2019-08-20,37.45891189575195,38.204246520996094,36.54087066650391,36.947608947753906,3.7458906173706055,3.8306355476379395
2019-08-21,38.00920486450195,37.40465545654297,37.091983795166016,36.35118103027344,3.7842116355896,3.7715773582458496
2019-08-22,37.79301834106445,37.93864059448242,37.32817459106445,37.001461029052734,3.7937920093536377,3.8066134452819824
2019-08-23,36.20111083984375,37.75126647949219,36.83610916137695,37.21171569824219,3.75,3.818516254425049
2019-08-26,36.58434677124024,36.046852111816406,37.2100830078125,36.64261245727539,3.7799999713897705,3.7755534648895264
2019-08-27,35.994754791259766,36.50185012817383,36.82626724243164,37.09126281738281,3.7899999618530273,3.8013975620269775
2019-08-28,35.94562530517578,35.90348434448242,36.9738883972168,36.62189483642578,3.740000009536743,3.811434268951416
2019-08-29,36.5057373046875,35.861576080322266,37.13134765625,36.831912994384766,3.7699999809265137,3.7616569995880127
2019-08-30,36.61382675170898,36.45879364013672,37.44626998901367,36.9865837097168,3.7799999713897705,3.7887725830078125
2019-09-03,35.955448150634766,36.583099365234375,37.38722610473633,37.324337005615234,3.690000057220459,3.801316738128662
2019-09-04,36.014408111572266,35.87644958496094,37.63325881958008,37.237613677978516,3.7699999809265137,3.7132139205932617
2019-09-05,36.72192001342773,35.94083023071289,38.01707077026367,37.51118087768555,3.950000047683716,3.786606788635254
2019-09-06,34.72712707519531,36.66270065307617,38.09579849243164,37.91008377075195,3.950000047683716,3.9711685180664062
2019-09-09,34.33406448364258,34.518218994140625,39.040565490722656,37.96880340576172,4.070000171661377,3.9816925525665283
2019-09-10,35.41498565673828,34.19978332519531,39.65073394775391,38.96644592285156,4.210000038146973,4.095591068267822
2019-09-11,35.916141510009766,35.36966323852539,40.3986701965332,39.5854606628418,4.179999828338623,4.239388942718506
2019-09-12,36.2109375,35.923126220703125,40.79232406616211,40.34305953979492,4.199999809265137,4.2098894119262695
2019-09-13,35.67047882080078,36.200138092041016,40.9694709777832,40.75089645385742,4.300000190734863,4.219364166259766
2019-09-16,36.014408111572266,35.62015151977539,41.29423141479492,40.91162109375,4.239999771118164,4.3172173500061035
2019-09-17,35.857181549072266,35.951568603515625,41.126930236816406,41.2070426940918,4.199999809265137,4.258559226989746
2019-09-18,35.59186553955078,35.81092834472656,41.00883483886719,40.99970626831055,4.210000038146973,4.212292671203613
2019-09-19,35.63117218017578,35.53001403808594,40.25105667114258,40.82427978515625,4.25,4.221210479736328
2019-09-20,35.33637237548828,35.57618713378906,40.25105667114258,39.95263671875,4.199999809265137,4.263652324676514
2019-09-23,35.60169219970703,35.27267074584961,39.75898361206055,39.985408782958984,4.159999847412109,4.2165679931640625
2019-09-24,35.25776290893555,35.553009033203125,39.29644012451172,39.457237243652344,4.099999904632568,4.174655914306641
2019-09-25,35.876834869384766,35.201107025146484,39.83771514892578,38.988407135009766,4.090000152587891,4.113964080810547
2019-09-26,36.093017578125,35.83027267456055,40.21168899536133,39.657108306884766,4.119999885559082,4.103826999664307
2019-09-27,35.729434967041016,36.06925582885742,40.29041290283203,40.07142639160156,4.159999847412109,4.1356706619262695
2019-09-30,35.690128326416016,35.68245315551758,40.41835784912109,40.15442657470703,4.130000114440918,4.178211212158203
2019-10-01,35.19879913330078,35.63009262084961,39.69009780883789,40.280242919921875,4.070000171661377,4.150172233581543
2019-10-02,33.62848281860352,35.11587905883789,39.08977890014648,39.446624755859375,3.9800000190734863,4.0884108543396
2019-10-03,33.687744140625,33.39670181274414,38.90278625488281,38.786521911621094,4.019999980926514,3.9964511394500732
2019-10-04,34.35932540893555,33.59996032714844,39.70977783203125,38.62971496582031,4.039999961853027,4.033334732055664
2019-10-07,34.08279037475586,34.35548400878906,39.14882278442383,39.55726623535156,4.039999961853027,4.05715274810791
2019-10-08,33.875389099121094,34.05950164794922,37.79072189331055,38.91945266723633,3.950000047683716,4.059117317199707
2019-10-09,33.95439910888672,33.82930374145508,38.31230926513672,37.41297912597656,4.0,3.97005033493042
2019-10-10,34.56672668457031,33.91351318359375,39.13898086547852,38.148948669433594,4.139999866485596,4.016149520874023
2019-10-11,35.67285919189453,34.529685974121094,39.81803512573242,39.02460479736328,4.239999771118164,4.159598350524902
2019-10-14,36.00864791870117,35.600406646728516,39.562156677246094,39.73234939575195,4.199999809265137,4.266912460327148
2019-10-15,36.23580551147461,35.99013900756836,39.69009780883789,39.43693923950195,4.269999980926514,4.2269158363342285
2019-10-16,36.33456802368164,36.20948791503906,39.070091247558594,39.564945220947266,4.260000228881836,4.289653778076172
2019-10-17,36.541969299316406,36.30154037475586,39.21771240234375,38.84619140625,4.25,4.280043601989746
2019-10-18,37.04565048217773,36.500247955322266,39.011043548583984,39.02987289428711,4.340000152587891,4.2660722732543945
2019-10-21,37.21354675292969,36.994354248046875,39.75898361206055,38.78738784790039,4.349999904632568,4.3549017906188965
2019-10-22,37.47032928466797,37.18487548828125,39.91645050048828,39.627506256103516,4.400000095367432,4.368296146392822
2019-10-23,36.90738296508789,37.42851257324219,40.0837516784668,39.78963088989258,4.46999979019165,4.417695999145508
2019-10-24,36.37407302856445,36.86258316040039,39.89676284790039,39.9599494934082,4.429999828338623,4.489718437194824
2019-10-25,36.93701553344727,36.28701400756836,40.35930252075195,39.735321044921875,4.409999847412109,4.448859691619873
2019-10-28,37.24317932128906,36.866477966308594,40.64470672607422,40.22477340698242,4.440000057220459,4.423825263977051
2019-10-29,36.90738296508789,37.20756912231445,40.85137176513672,40.5202751159668,4.409999847412109,4.4527788162231445
2019-10-30,36.591346740722656,36.863853454589844,39.88692474365234,40.72540283203125,4.369999885559082,4.423187255859375
2019-10-31,36.00864791870117,36.52023696899414,41.37296676635742,39.625518798828125,4.320000171661377,4.3818278312683105
2019-11-01,36.00864791870117,35.9036750793457,41.75677490234375,41.21185302734375,4.420000076293945,4.3311848640441895
2019-11-04,36.32468795776367,35.923465728759766,42.37678146362305,41.67544174194336,4.489999771118164,4.432507514953613
2019-11-05,36.86788558959961,36.27650451660156,42.2882080078125,42.29606246948242,4.570000171661377,4.509054660797119
2019-11-06,36.69010925292969,36.830894470214844,42.19963836669922,42.22654724121094,4.619999885559082,4.592310428619385
2019-11-07,36.956764221191406,36.658843994140625,42.84916305541992,42.079769134521484,4.630000114440918,4.643143653869629
2019-11-08,37.341941833496094,36.90397644042969,42.6228141784668,42.69590377807617,4.619999885559082,4.650388240814209
2019-11-11,37.21354675292969,37.28782272338867,42.83932113647461,42.490821838378906,4.610000133514404,4.63594913482666
2019-11-12,37.835750579833984,37.17788314819336,42.55392456054688,42.67022705078125,4.659999847412109,4.622137069702148
2019-11-13,37.51971435546875,37.76366424560547,42.140586853027344,42.37488555908203,4.570000171661377,4.671696186065674
2019-11-14,37.835750579833984,37.491119384765625,42.10122299194336,41.90651321411133,4.570000171661377,4.580527305603027
2019-11-15,37.42094802856445,37.77886962890625,42.18979263305664,41.8548469543457,4.619999885559082,4.578764915466309
2019-11-18,37.91476058959961,37.37910842895508,42.16027069091797,41.96807861328125,4.579999923706055,4.6316680908203125
2019-11-19,38.28017807006836,37.849639892578125,42.39646530151367,41.95867156982422,4.570000171661377,4.5933709144592285
2019-11-20,38.13203811645508,38.222679138183594,42.16825866699219,42.21605682373047,4.46999979019165,4.582645416259766
2019-11-21,37.440704345703125,38.09585189819336,42.48575973510742,41.98826217651367,4.480000019073486,4.4808478355407715
2019-11-22,37.17404556274414,37.39045333862305,42.38654327392578,42.308265686035156,4.519999980926514,4.489834308624268
2019-11-25,37.84562683105469,37.11276626586914,42.74373245239258,42.21600341796875,4.519999980926514,4.532697677612305
2019-11-26,38.26042938232422,37.77595901489258,42.41630554199219,42.57310104370117,4.449999809265137,4.535121440887451
2019-11-27,38.359188079833984,38.20723342895508,42.60482025146485,42.245235443115234,4.480000019073486,4.464041709899902
2019-11-29,37.51971435546875,38.31311798095703,42.59490203857422,42.41487121582031,4.46999979019165,4.493125915527344
2019-12-02,37.253055572509766,37.474159240722656,42.952091217041016,42.41414260864258,4.429999828338623,4.484521389007568
2019-12-03,37.15428924560547,37.19465637207031,42.58497619628906,42.775917053222656,4.340000152587891,4.443850040435791
2019-12-04,37.09503555297852,37.093475341796875,42.59490203857422,42.413822174072266,4.389999866485596,4.3517937660217285
2019-12-05,37.19379806518555,37.037384033203125,42.81318664550781,42.392982482910156,4.409999847412109,4.400803089141846
2019-12-06,37.66785430908203,37.14031982421875,43.56725311279297,42.62422180175781,4.460000038146973,4.42488431930542
2019-12-09,37.68760681152344,37.60887908935547,43.72600173950195,43.384098052978516,4.46999979019165,4.4773478507995605
2019-12-10,37.59872055053711,37.64491653442383,43.65654754638672,43.60405731201172,4.440000057220459,4.488705158233643
2019-12-11,37.657981872558594,37.551570892333984,43.8847541809082,43.532257080078125,4.449999809265137,4.4568352699279785
2019-12-12,37.48020553588867,37.60648727416992,44.55944442749024,43.721195220947266,4.599999904632568,4.464863300323486
2019-12-13,36.63085174560547,37.4321403503418,44.84718322753906,44.34218215942383,4.610000133514404,4.617363929748535
2019-12-16,37.01602554321289,36.53771209716797,45.62109375,44.66408920288086,4.630000114440918,4.631600379943848
2019-12-17,36.62097930908203,36.94520950317383,45.84929656982422,45.32509231567383,4.690000057220459,4.648287296295166
2019-12-18,37.14441680908203,36.55743408203125,44.95632553100586,45.618614196777344,4.630000114440918,4.707518577575684
2019-12-19,38.47770309448242,37.081600189208984,45.28374862670898,44.927982330322266,4.619999885559082,4.644721031188965
2019-12-20,38.22092056274414,38.33063888549805,45.432579040527344,45.04816436767578,4.53000020980835,4.630607604980469
2019-12-23,37.27280807495117,38.206321716308594,45.66078186035156,45.19562911987305,4.519999980926514,4.537747859954834
2019-12-24,37.72711181640625,37.22995376586914,45.720314025878906,45.41502380371094,4.489999771118164,4.526547908782959
2019-12-26,38.14191055297852,37.664608001708984,45.8393783569336,45.511451721191406,4.510000228881836,4.4989399909973145
2019-12-27,38.023399353027344,38.08573913574219,45.938594818115234,45.62881851196289,4.550000190734863,4.521542072296143
2019-12-30,37.89500427246094,37.98975372314453,45.7599983215332,45.71870422363281,4.559999942779541,4.564767360687256
2019-12-31,37.423614501953125,37.855072021484375,45.98820495605469,45.58792495727539,4.53000020980835,4.576923847198486
2020-01-02,38.12821960449219,37.37104797363281,45.75008010864258,45.7419319152832,4.599999904632568,4.546075344085693
2020-01-03,38.02898025512695,38.04866027832031,45.66078186035156,45.59505844116211,4.519999980926514,4.615609645843506
2020-01-06,38.01905822753906,37.99370574951172,45.303592681884766,45.493553161621094,4.420000076293945,4.534759044647217
2020-01-07,37.70148849487305,37.9749641418457,44.75788497924805,45.179710388183594,4.429999828338623,4.429834365844727
2020-01-08,38.108375549316406,37.65699768066406,44.26178741455078,44.64436721801758,4.480000019073486,4.438381671905518
2020-01-09,38.42594528198242,38.045745849609375,43.80537796020508,44.10797119140625,4.460000038146973,4.4917120933532715
2020-01-10,38.36640167236328,38.36655044555664,43.60694122314453,43.61714172363281,4.409999847412109,4.475041389465332
2020-01-13,38.922149658203125,38.324832916259766,44.07326889038086,43.40034103393555,4.449999809265137,4.4244818687438965
2020-01-14,39.00153732299805,38.831600189208984,44.152645111083984,43.860809326171875,4.409999847412109,4.464000701904297
2020-01-15,38.981689453125,38.938289642333984,44.04350280761719,43.9871826171875,4.349999904632568,4.425323009490967
2020-01-16,40.10311126708984,38.928279876708984,44.986087799072266,43.88942337036133,4.389999866485596,4.363683700561523
2020-01-17,39.48781967163086,39.87100601196289,44.89679336547852,44.721126556396484,4.369999885559082,4.4023966789245605
2020-01-21,39.1504020690918,39.44930648803711,44.76780700683594,44.75482940673828,4.309999942779541,4.384494781494141
2020-01-22,39.458045959472656,39.12752151489258,44.579288482666016,44.61876678466797,4.260000228881836,4.324273109436035
2020-01-23,39.00153732299805,39.38768005371094,44.61898040771485,44.412471771240234,4.25,4.2731099128723145
2020-01-24,38.74351501464844,38.97735595703125,43.95420837402344,44.41900634765625,4.21999979019165,4.262753486633301
2020-01-27,38.75343704223633,38.72571563720703,43.190216064453125,43.78517532348633,4.070000171661377,4.234290599822998
2020-01-28,38.82290649414063,38.72260665893555,43.5771713256836,42.95052719116211,4.110000133514404,4.085244178771973
2020-01-29,38.72366714477539,38.77743148803711,43.33904647827149,43.33162307739258,4.090000152587891,4.121830940246582
2020-01-30,38.58473205566406,38.68305206298828,45.44249725341797,43.13605499267578,4.130000114440918,4.1063385009765625
2020-01-31,37.85034942626953,38.54743194580078,44.41061401367188,44.995330810546875,4.010000228881836,4.1476898193359375
2020-02-03,38.43586730957031,37.81337356567383,44.60905456542969,44.421146392822266,4.039999961853027,4.030776023864746
2020-02-04,39.54736328125,38.377384185791016,45.01585388183594,44.4627799987793,4.159999847412109,4.055773735046387
2020-02-05,40.24204635620117,39.377079010009766,45.710391998291016,44.803199768066406,4.239999771118164,4.17819356918335
2020-02-06,39.21986770629883,40.0233039855957,45.62109375,45.40214157104492,4.28000020980835,4.264559745788574
2020-02-07,38.12821960449219,39.218292236328125,45.35319900512695,45.437747955322266,4.25,4.305668354034424
2020-02-10,38.24731063842773,38.138587951660156,45.32343673706055,45.21243667602539,4.25,4.272123336791992
2020-02-11,38.6839714050293,38.243324279785156,45.7599983215332,45.14872360229492,4.289999961853027,4.266874313354492
2020-02-12,38.892372131347656,38.642269134521484,45.61000061035156,45.47199630737305,4.320000171661377,4.3055925369262695
2020-02-13,38.82290649414063,38.84246063232422,45.27000045776367,45.42366027832031,4.070000171661377,4.336545944213867
2020-02-14,38.574806213378906,38.776641845703125,44.77000045776367,45.13901901245117,4.119999885559082,4.0840911865234375
2020-02-18,38.406097412109375,38.53618240356445,44.45000076293945,44.650299072265625,4.03000020980835,4.125943183898926
2020-02-19,38.525184631347656,38.368980407714844,43.970001220703125,44.28080368041992,4.039999961853027,4.043232440948486
2020-02-20,38.69389724731445,38.480560302734375,44.22999954223633,43.784061431884766,4.019999980926514,4.053287982940674
2020-02-21,38.12821960449219,38.64336013793945,43.900001525878906,44.013675689697266,3.9800000190734863,4.037142276763916
2020-02-24,36.98695755004883,38.0967903137207,42.81999969482422,43.73189163208008,3.7699999809265137,3.9985013008117676
2020-02-25,35.45865249633789,36.905643463134766,40.43000030517578,42.589271545410156,3.690000057220459,3.7920596599578857
2020-02-26,35.56781768798828,35.25675582885742,39.869998931884766,39.8779296875,3.660000085830689,3.708242654800415
2020-02-27,35.04184341430664,35.436031341552734,37.619998931884766,39.37580108642578,3.5,3.6777052879333496
2020-02-28,32.66999053955078,34.92862319946289,37.650001525878906,37.01826095581055,3.380000114440918,3.524705410003662
2020-03-02,34.456321716308594,32.34937286376953,38.84000015258789,37.300594329833984,3.440000057220459,3.405862331390381
2020-03-03,33.68224334716797,34.32289505004883,38.060001373291016,38.681427001953125,3.3299999237060547,3.4600107669830322
2020-03-04,34.8532829284668,33.650203704833984,39.369998931884766,37.816978454589844,3.440000057220459,3.3623647689819336
2020-03-05,34.79374313354492,34.824031829833984,38.33000183105469,39.328582763671875,3.190000057220459,3.462521553039551
2020-03-06,33.64255142211914,34.78384017944336,37.63999938964844,38.10050582885742,3.0799999237060547,3.2326223850250244
2020-03-09,31.30047416687012,33.52561569213867,35.29999923706055,37.39592742919922,2.619999885559082,3.111180305480957
2020-03-10,31.677587509155277,31.027690887451172,37.119998931884766,34.85756301879883,2.720000028610229,2.6831352710723877
2020-03-11,29.186647415161133,31.609989166259766,35.06999969482422,36.97886276245117,2.5299999713897705,2.742252826690674
2020-03-12,23.98644256591797,29.00960350036621,31.540000915527344,34.64817428588867,2.0999999046325684,2.5796430110931396
2020-03-13,27.07282447814941,24.858810424804688,34.63999938964844,31.53069305419922,2.2699999809265137,2.1875977516174316
2020-03-16,26.219356536865234,26.40848731994629,32.68000030517578,34.229408264160156,1.8799999952316284,2.2974374294281006
2020-03-17,28.00568580627441,26.002906799316406,35.2599983215332,32.28249740600586,2.150000095367432,1.9738521575927734
2020-03-18,24.532264709472656,27.95804786682129,33.02000045776367,35.10183334350586,1.9700000286102293,2.162315845489502
2020-03-19,23.877277374267575,24.46668815612793,33.459999084472656,32.63352966308594,2.130000114440918,2.0317161083221436
2020-03-20,20.89013671875,24.158872604370117,30.61000061035156,33.3931999206543,2.380000114440918,2.145962953567505
2020-03-23,20.29469490051269,21.190698623657227,29.309999465942383,30.409503936767578,2.2799999713897705,2.3937413692474365
2020-03-24,20.860366821289062,20.28856086730957,32.31999969482422,29.2126407623291,2.569999933242798,2.347039222717285
2020-03-25,20.850440979003903,20.61161994934082,32.70000076293945,31.958633422851562,2.6600000858306885,2.5923120975494385
2020-03-26,21.88254165649414,20.714420318603516,34.459999084472656,32.47954559326172,2.6600000858306885,2.7213501930236816
2020-03-27,21.822998046875,21.79792022705078,33.5,34.36286163330078,2.619999885559082,2.7223644256591797
2020-03-30,23.98644256591797,21.742952346801758,35.83000183105469,33.365020751953125,2.619999885559082,2.6647956371307373
2020-03-31,24.17500114440918,23.658939361572266,35.18000030517578,35.74462890625,2.490000009536743,2.646907329559326
2020-04-01,23.36000061035156,23.944204330444336,33.869998931884766,35.16185760498047,2.359999895095825,2.5229015350341797
